refcode,pick,cation_lbl,ox. state,BVS,anion_lbl,d,r0,bv
DIDROX,0,Fe1,3,2.1771210695893557,S1,2.461,2.0993701647027256,0.37629648091412188
DIDROX,0,Fe1,3,2.1771210695893557,S1B,2.461,2.0993701647027256,0.37629648091412188
DIDROX,0,Fe1,3,2.1771210695893557,S3,2.472,2.0993701647027256,0.365273948542224
DIDROX,0,Fe1,3,2.1771210695893557,S3B,2.472,2.0993701647027256,0.365273948542224
DIDROX,0,Fe1,3,2.1771210695893557,S2B,2.491,2.0993701647027256,0.34699010533833213
DIDROX,0,Fe1,3,2.1771210695893557,S2,2.491,2.0993701647027256,0.34699010533833213
VEKNUU,0,Fe1,3,2.1851381773710785,S2B,2.464,2.0993701647027256,0.37325776413568823
VEKNUU,0,Fe1,3,2.1851381773710785,S2,2.464,2.0993701647027256,0.37325776413568823
VEKNUU,0,Fe1,3,2.1851381773710785,S1,2.464,2.0993701647027256,0.37325776413568823
VEKNUU,0,Fe1,3,2.1851381773710785,S1B,2.464,2.0993701647027256,0.37325776413568823
VEKNUU,0,Fe1,3,2.1851381773710785,S3,2.492,2.0993701647027256,0.3460535604141628
VEKNUU,0,Fe1,3,2.1851381773710785,S3B,2.492,2.0993701647027256,0.3460535604141628
PYCDFE10,0,Fe1,3,2.2911984259659115,S22,2.433,2.0993701647027256,0.40587816218400757
PYCDFE10,0,Fe1,3,2.2911984259659115,S11,2.434,2.0993701647027256,0.40478267523271771
PYCDFE10,0,Fe1,3,2.2911984259659115,S2,2.453,2.0993701647027256,0.38452121668867595
PYCDFE10,0,Fe1,3,2.2911984259659115,S1,2.464,2.0993701647027256,0.37325776413568823
PYCDFE10,0,Fe1,3,2.2911984259659115,S12,2.471,2.0993701647027256,0.36626251072326077
PYCDFE10,0,Fe1,3,2.2911984259659115,S21,2.481,2.0993701647027256,0.35649609700156104
ITEMUP,0,Fe1,3,2.3928974120430793,S3,2.424,2.0993701647027256,0.41587192728049543
ITEMUP,0,Fe1,3,2.3928974120430793,S4,2.431,2.0993701647027256,0.40807803845094087
ITEMUP,0,Fe1,3,2.3928974120430793,S6,2.435,2.0993701647027256,0.40369014505952655
ITEMUP,0,Fe1,3,2.3928974120430793,S5,2.441,2.0993701647027256,0.39719661095681524
ITEMUP,0,Fe1,3,2.3928974120430793,S2,2.449,2.0993701647027256,0.38870075420331618
ITEMUP,0,Fe1,3,2.3928974120430793,S1,2.458,2.0993701647027256,0.37935993609198515
AMOMAR,0,Fe3,3,2.4173458714005438,S5,2.245,2.0993701647027256,0.67462779874916867
AMOMAR,0,Fe3,3,2.4173458714005438,S1,2.27,2.0993701647027256,0.63055069837271871
AMOMAR,0,Fe3,3,2.4173458714005438,S2,2.316,2.0993701647027256,0.55683515112397985
AMOMAR,0,Fe3,3,2.4173458714005438,S3,2.317,2.0993701647027256,0.55533222315467634
QADKUC,0,Fe4,3,2.4220848229322969,S5,2.261,2.0993701647027256,0.64607647962454784
QADKUC,0,Fe4,3,2.4220848229322969,S4,2.274,2.0993701647027256,0.62377064901538493
QADKUC,0,Fe4,3,2.4220848229322969,S3,2.276,2.0993701647027256,0.62040801217271768
QADKUC,0,Fe4,3,2.4220848229322969,S1,2.333,2.0993701647027256,0.53182968211964632
AMONEW,0,Fe1,3,2.4424623385861866,S3,2.238,2.0993701647027256,0.68751252561351395
AMONEW,0,Fe1,3,2.4424623385861866,S1,2.279,2.0993701647027256,0.61539801518448067
AMONEW,0,Fe1,3,2.4424623385861866,S4,2.307,2.0993701647027256,0.57054586585634204
AMONEW,0,Fe1,3,2.4424623385861866,S2,2.308,2.0993701647027256,0.5690059319318499
FESTPH,0,Fe2,3,2.4463764829969703,S6,2.263,2.0993701647027256,0.64259359600859767
FESTPH,0,Fe2,3,2.4463764829969703,S1,2.264,2.0993701647027256,0.64085920139218977
FESTPH,0,Fe2,3,2.4463764829969703,S3,2.297,2.0993701647027256,0.58617629496910184
FESTPH,0,Fe2,3,2.4463764829969703,S4,2.303,2.0993701647027256,0.57674739062708091
AMOMIZ,0,Fe1,3,2.4560975298193872,S2,2.223,2.0993701647027256,0.71595734344337081
AMOMIZ,0,Fe1,3,2.4560975298193872,S1,2.268,2.0993701647027256,0.63396830899011325
AMOMIZ,0,Fe1,3,2.4560975298193872,S3,2.318,2.0993701647027256,0.55383335166865488
AMOMIZ,0,Fe1,3,2.4560975298193872,S4,2.319,2.0993701647027256,0.55233852571724829
MRDTFE01,0,Fe1,3,2.4747225503734573,S4,2.417,2.0993701647027256,0.42381467171452714
MRDTFE01,0,Fe1,3,2.4747225503734573,S6,2.42,2.0993701647027256,0.42039223005162141
MRDTFE01,0,Fe1,3,2.4747225503734573,S3,2.424,2.0993701647027256,0.41587192728049543
MRDTFE01,0,Fe1,3,2.4747225503734573,S2,2.424,2.0993701647027256,0.41587192728049543
MRDTFE01,0,Fe1,3,2.4747225503734573,S5,2.434,2.0993701647027256,0.40478267523271771
MRDTFE01,0,Fe1,3,2.4747225503734573,S1,2.444,2.0993701647027256,0.39398911881360027
BZMSFE,0,Fe2,3,2.47922898404995,S1,2.232,2.0993701647027256,0.69875226409053204
BZMSFE,0,Fe2,3,2.47922898404995,S6,2.251,2.0993701647027256,0.66377611294155792
BZMSFE,0,Fe2,3,2.47922898404995,S3,2.313,2.0993701647027256,0.56136838386318344
BZMSFE,0,Fe2,3,2.47922898404995,S4,2.317,2.0993701647027256,0.55533222315467634
TUBHED,0,Fe4,3,2.4907477322589102,S5,2.262,2.0993701647027256,0.64433268451826475
TUBHED,0,Fe4,3,2.4907477322589102,S4,2.271,2.0993701647027256,0.62884880818361177
TUBHED,0,Fe4,3,2.4907477322589102,S7,2.282,2.0993701647027256,0.61042847555548085
TUBHED,0,Fe4,3,2.4907477322589102,S6,2.284,2.0993701647027256,0.60713776400155295
COKYEG01,0,Fe1,3,2.4940845503539339,S4,2.252,2.0993701647027256,0.66198454557466091
COKYEG01,0,Fe1,3,2.4940845503539339,S1,2.264,2.0993701647027256,0.64085920139218977
COKYEG01,0,Fe1,3,2.4940845503539339,S3,2.274,2.0993701647027256,0.62377064901538493
COKYEG01,0,Fe1,3,2.4940845503539339,S2,2.309,2.0993701647027256,0.56747015437169812
AMONAS,0,Fe1,3,2.5104235352807449,S5,2.233,2.0993701647027256,0.69686629421381818
AMONAS,0,Fe1,3,2.5104235352807449,S1,2.25,2.0993701647027256,0.66557252893166174
AMONAS,0,Fe1,3,2.5104235352807449,S4,2.292,2.0993701647027256,0.5941513604666101
AMONAS,0,Fe1,3,2.5104235352807449,S2,2.318,2.0993701647027256,0.55383335166865488
CAYGOY,0,Fe4,3,2.5189745523977796,S4,2.263,2.0993701647027256,0.64259359600859767
CAYGOY,0,Fe4,3,2.5189745523977796,S8,2.272,2.0993701647027256,0.6271515114874997
CAYGOY,0,Fe4,3,2.5189745523977796,S2,2.273,2.0993701647027256,0.62545879588629727
CAYGOY,0,Fe4,3,2.5189745523977796,S3,2.274,2.0993701647027256,0.62377064901538493
AMOPIC,0,Fe1,3,2.5189858046928206,S5,2.243,2.0993701647027256,0.67828430905634129
AMOPIC,0,Fe1,3,2.5189858046928206,S1,2.262,2.0993701647027256,0.64433268451826475
AMOPIC,0,Fe1,3,2.5189858046928206,S3,2.288,2.0993701647027256,0.60060946418798489
AMOPIC,0,Fe1,3,2.5189858046928206,S2,2.291,2.0993701647027256,0.59575934693022981
QADLAJ,0,Fe1,3,2.529827100639876,S5,2.248,2.0993701647027256,0.66917995930544893
QADLAJ,0,Fe1,3,2.529827100639876,S3,2.259,2.0993701647027256,0.6495782406123829
QADLAJ,0,Fe1,3,2.529827100639876,S4,2.281,2.0993701647027256,0.61208051372456018
QADLAJ,0,Fe1,3,2.529827100639876,S1,2.289,2.0993701647027256,0.59898838699748358
OXYSFE10,0,Fe1,3,2.539832044247484,S2,2.258,2.0993701647027256,0.65133623207291969
OXYSFE10,0,Fe1,3,2.539832044247484,S1,2.265,2.0993701647027256,0.63912948799997016
OXYSFE10,0,Fe1,3,2.539832044247484,S3,2.268,2.0993701647027256,0.63396830899011325
OXYSFE10,0,Fe1,3,2.539832044247484,S4,2.279,2.0993701647027256,0.61539801518448067
OXYSFE10,0,Fe2,3,2.5436635602466113,S6,2.252,2.0993701647027256,0.66198454557466091
OXYSFE10,0,Fe2,3,2.5436635602466113,S7,2.265,2.0993701647027256,0.63912948799997016
OXYSFE10,0,Fe2,3,2.5436635602466113,S5,2.272,2.0993701647027256,0.6271515114874997
OXYSFE10,0,Fe2,3,2.5436635602466113,S8,2.279,2.0993701647027256,0.61539801518448067
VIYNEX,0,Fe2,3,2.5442913576686337,S1,2.205,2.0993701647027256,0.75164883311261843
VIYNEX,0,Fe2,3,2.5442913576686337,S2,2.215,2.0993701647027256,0.73160606798463823
VIYNEX,0,Fe2,3,2.5442913576686337,S6,2.326,2.0993701647027256,0.54198710552432727
VIYNEX,0,Fe2,3,2.5442913576686337,S5,2.342,2.0993701647027256,0.51904935104704975
JURHIN,0,Fe1,3,2.5634368055687591,S1C,2.264,2.0993701647027256,0.64085920139218977
JURHIN,0,Fe1,3,2.5634368055687591,S1,2.264,2.0993701647027256,0.64085920139218977
JURHIN,0,Fe1,3,2.5634368055687591,S1G,2.264,2.0993701647027256,0.64085920139218977
JURHIN,0,Fe1,3,2.5634368055687591,S1D,2.264,2.0993701647027256,0.64085920139218977
VITNUH,0,Fe1,3,2.5639672078351472,S2,2.211,2.0993701647027256,0.73955822998342824
VITNUH,0,Fe1,3,2.5639672078351472,S1,2.215,2.0993701647027256,0.73160606798463823
VITNUH,0,Fe1,3,2.5639672078351472,S4,2.322,2.0993701647027256,0.54787821202684373
VITNUH,0,Fe1,3,2.5639672078351472,S5,2.324,2.0993701647027256,0.54492469784023656
VIYNIB,0,Fe2,3,2.598398907964643,S2,2.209,2.0993701647027256,0.74356666588794029
VIYNIB,0,Fe2,3,2.598398907964643,S1,2.236,2.0993701647027256,0.69123887166814801
VIYNIB,0,Fe2,3,2.598398907964643,S8,2.341,2.0993701647027256,0.52045408456441267
VIYNIB,0,Fe2,3,2.598398907964643,S6,2.369,2.0993701647027256,0.48252174850979451
VIYNIB,0,Fe2,3,2.598398907964643,S7,2.776,2.0993701647027256,0.16061753733434769
CEXXIM,0,Fe1,3,2.6205792215854351,S2B,2.396,2.0993701647027256,0.44856474112775613
CEXXIM,0,Fe1,3,2.6205792215854351,S2A,2.396,2.0993701647027256,0.44856474112775613
CEXXIM,0,Fe1,3,2.6205792215854351,S2,2.396,2.0993701647027256,0.44856474112775613
CEXXIM,0,Fe1,3,2.6205792215854351,S1,2.416,2.0993701647027256,0.424961666067389
CEXXIM,0,Fe1,3,2.6205792215854351,S1B,2.416,2.0993701647027256,0.424961666067389
CEXXIM,0,Fe1,3,2.6205792215854351,S1A,2.416,2.0993701647027256,0.424961666067389
UHIZER,0,Fe2,3,2.6428403210500031,S1,2.201,2.0993701647027256,0.75981884912079423
UHIZER,0,Fe2,3,2.6428403210500031,S2,2.203,2.0993701647027256,0.75572280058141583
UHIZER,0,Fe2,3,2.6428403210500031,S6,2.311,2.0993701647027256,0.5644110235016957
UHIZER,0,Fe2,3,2.6428403210500031,S5,2.312,2.0993701647027256,0.56288764784609779
RENGIA,0,Fe1,3,2.6484772522095934,S6B,2.182,2.0993701647027256,0.79985575071238391
RENGIA,0,Fe1,3,2.6484772522095934,S6,2.203,2.0993701647027256,0.75572280058141583
RENGIA,0,Fe1,3,2.6484772522095934,S5,2.318,2.0993701647027256,0.55383335166865488
RENGIA,0,Fe1,3,2.6484772522095934,S1,2.328,2.0993701647027256,0.53906534924713878
RUNROI,0,Fe4,3,2.6582895830788575,S8,2.196,2.0993701647027256,0.77015636215225958
RUNROI,0,Fe4,3,2.6582895830788575,S7,2.205,2.0993701647027256,0.75164883311261843
RUNROI,0,Fe4,3,2.6582895830788575,S11,2.307,2.0993701647027256,0.57054586585634204
RUNROI,0,Fe4,3,2.6582895830788575,S12,2.31,2.0993701647027256,0.56593852195763761
RUNROI,0,Fe2,3,2.6682811118477257,S1,2.194,2.0993701647027256,0.77433064118666284
RUNROI,0,Fe2,3,2.6682811118477257,S2,2.206,2.0993701647027256,0.74962009255610274
RUNROI,0,Fe2,3,2.6682811118477257,S5,2.3,2.0993701647027256,0.58144273025886217
RUNROI,0,Fe2,3,2.6682811118477257,S6,2.312,2.0993701647027256,0.56288764784609779
CEXXIM,0,Fe2,3,3.0111734457182733,S4A,2.349,2.0993701647027256,0.50932180592139709
CEXXIM,0,Fe2,3,3.0111734457182733,S4B,2.349,2.0993701647027256,0.50932180592139709
CEXXIM,0,Fe2,3,3.0111734457182733,S4,2.349,2.0993701647027256,0.50932180592139709
CEXXIM,0,Fe2,3,3.0111734457182733,S3,2.36,2.0993701647027256,0.49440267598469412
CEXXIM,0,Fe2,3,3.0111734457182733,S3A,2.36,2.0993701647027256,0.49440267598469412
CEXXIM,0,Fe2,3,3.0111734457182733,S3B,2.36,2.0993701647027256,0.49440267598469412
MORTFF,0,Fe1,3,3.0205078416039535,S1,2.336,2.0993701647027256,0.52753498402839683
MORTFF,0,Fe1,3,3.0205078416039535,S6,2.339,2.0993701647027256,0.52327496702456078
MORTFF,0,Fe1,3,3.0205078416039535,S3,2.356,2.0993701647027256,0.49977656549178351
MORTFF,0,Fe1,3,3.0205078416039535,S4,2.361,2.0993701647027256,0.49306825661778453
MORTFF,0,Fe1,3,3.0205078416039535,S2,2.364,2.0993701647027256,0.48908656967599456
MORTFF,0,Fe1,3,3.0205078416039535,S5,2.365,2.0993701647027256,0.48776649876543332
MANHAM,0,Fe1,3,3.0354670116712228,S2,2.256,2.0993701647027256,0.65486650113450495
MANHAM,0,Fe1,3,3.0354670116712228,S1,2.26,2.0993701647027256,0.64782499406518446
MANHAM,0,Fe1,3,3.0354670116712228,S3,2.271,2.0993701647027256,0.62884880818361177
MANHAM,0,Fe1,3,3.0354670116712228,S4,2.285,2.0993701647027256,0.60549906657935104
MANHAM,0,Fe1,3,3.0354670116712228,S5,2.357,2.0993701647027256,0.49842764170857079
YEVBEG,0,Fe1,3,3.0423555308807355,S3,2.23,2.0993701647027256,0.70253952998817881
YEVBEG,0,Fe1,3,3.0423555308807355,S1,2.235,2.0993701647027256,0.69310961172316998
YEVBEG,0,Fe1,3,3.0423555308807355,S2,2.242,2.0993701647027256,0.68011998942336371
YEVBEG,0,Fe1,3,3.0423555308807355,S4,2.271,2.0993701647027256,0.62884880818361177
YEVBEG,0,Fe1,3,3.0423555308807355,S4A,2.501,2.0993701647027256,0.3377375915624114
BAEDTF,0,Fe1,3,3.0572512278765989,S3,2.22,2.0993701647027256,0.72178600074458366
BAEDTF,0,Fe1,3,3.0572512278765989,S2,2.236,2.0993701647027256,0.69123887166814801
BAEDTF,0,Fe1,3,3.0572512278765989,S4,2.248,2.0993701647027256,0.66917995930544893
BAEDTF,0,Fe1,3,3.0572512278765989,S1,2.265,2.0993701647027256,0.63912948799997016
BAEDTF,0,Fe1,3,3.0572512278765989,S1B,2.503,2.0993701647027256,0.3359169081584481
AFAVOS,0,Fe1,3,3.0869633918800554,S9,2.228,2.0993701647027256,0.70634732302214542
AFAVOS,0,Fe1,3,3.0869633918800554,S5,2.246,2.0993701647027256,0.67280694209965108
AFAVOS,0,Fe1,3,3.0869633918800554,S8,2.247,2.0993701647027256,0.67099100003999201
AFAVOS,0,Fe1,3,3.0869633918800554,S7,2.25,2.0993701647027256,0.66557252893166174
AFAVOS,0,Fe1,3,3.0869633918800554,S7A,2.466,2.0993701647027256,0.37124559778660499
CEYBOX,0,Fe1,3,3.111376791639227,S1,2.229,2.0993701647027256,0.70444085367359721
CEYBOX,0,Fe1,3,3.111376791639227,S2,2.23,2.0993701647027256,0.70253952998817881
CEYBOX,0,Fe1,3,3.111376791639227,S4,2.243,2.0993701647027256,0.67828430905634129
CEYBOX,0,Fe1,3,3.111376791639227,S3,2.256,2.0993701647027256,0.65486650113450495
CEYBOX,0,Fe1,3,3.111376791639227,S3A,2.466,2.0993701647027256,0.37124559778660499
BTCFEB,0,Fe1,3,3.1228686657829936,S1'C,2.338,2.0993701647027256,0.5246911365727811
BTCFEB,0,Fe1,3,3.1228686657829936,S1',2.338,2.0993701647027256,0.5246911365727811
BTCFEB,0,Fe1,3,3.1228686657829936,S1,2.339,2.0993701647027256,0.52327496702456078
BTCFEB,0,Fe1,3,3.1228686657829936,S1C,2.339,2.0993701647027256,0.52327496702456078
BTCFEB,0,Fe1,3,3.1228686657829936,S2C,2.346,2.0993701647027256,0.51346822929415481
BTCFEB,0,Fe1,3,3.1228686657829936,S2,2.346,2.0993701647027256,0.51346822929415481
VEQGEE,0,Fe1,3,3.1302583475786951,S4,2.226,2.0993701647027256,0.71017575445035352
VEQGEE,0,Fe1,3,3.1302583475786951,S3,2.229,2.0993701647027256,0.70444085367359721
VEQGEE,0,Fe1,3,3.1302583475786951,S1,2.237,2.0993701647027256,0.68937318084097532
VEQGEE,0,Fe1,3,3.1302583475786951,S2,2.244,2.0993701647027256,0.67645358328918603
VEQGEE,0,Fe1,3,3.1302583475786951,S1A,2.488,2.0993701647027256,0.34981497532458322
NIGCEM,0,Fe1,3,3.1325283050547288,S3,2.225,2.0993701647027256,0.71209774449519714
NIGCEM,0,Fe1,3,3.1325283050547288,S2,2.234,2.0993701647027256,0.69498541467105901
NIGCEM,0,Fe1,3,3.1325283050547288,S1,2.238,2.0993701647027256,0.68751252561351395
NIGCEM,0,Fe1,3,3.1325283050547288,S4,2.245,2.0993701647027256,0.67462779874916867
NIGCEM,0,Fe1,3,3.1325283050547288,S4B,2.474,2.0993701647027256,0.3633048215257898
TALLUO,0,Fe2,3,3.1490066738755895,S6,2.222,2.0993701647027256,0.71789498053955103
TALLUO,0,Fe2,3,3.1490066738755895,S7,2.229,2.0993701647027256,0.70444085367359721
TALLUO,0,Fe2,3,3.1490066738755895,S5,2.235,2.0993701647027256,0.69310961172316998
TALLUO,0,Fe2,3,3.1490066738755895,S8,2.237,2.0993701647027256,0.68937318084097532
TALLUO,0,Fe2,3,3.1490066738755895,S8A,2.494,2.0993701647027256,0.34418804709829592
VUHPUK,0,Fe1,3,3.1499068199493903,S1,2.221,2.0993701647027256,0.71983786157596164
VUHPUK,0,Fe1,3,3.1499068199493903,S2,2.227,2.0993701647027256,0.70825895195983246
VUHPUK,0,Fe1,3,3.1499068199493903,S4,2.228,2.0993701647027256,0.70634732302214542
VUHPUK,0,Fe1,3,3.1499068199493903,S3,2.231,2.0993701647027256,0.70064333807746915
VUHPUK,0,Fe1,3,3.1499068199493903,S4A,2.527,2.0993701647027256,0.31481934531398126
XUYZAS,0,Fe1,3,3.1565707211820837,S4,2.212,2.0993701647027256,0.73756212261390064
XUYZAS,0,Fe1,3,3.1565707211820837,S2,2.229,2.0993701647027256,0.70444085367359721
XUYZAS,0,Fe1,3,3.1565707211820837,S1,2.229,2.0993701647027256,0.70444085367359721
XUYZAS,0,Fe1,3,3.1565707211820837,S3,2.254,2.0993701647027256,0.65841590439903019
XUYZAS,0,Fe1,3,3.1565707211820837,S1B,2.486,2.0993701647027256,0.35171098682195845
POMTER,0,Fe1,3,3.1574035240881209,S1,2.226,2.0993701647027256,0.71017575445035352
POMTER,0,Fe1,3,3.1574035240881209,S3,2.229,2.0993701647027256,0.70444085367359721
POMTER,0,Fe1,3,3.1574035240881209,S2,2.234,2.0993701647027256,0.69498541467105901
POMTER,0,Fe1,3,3.1574035240881209,S4,2.237,2.0993701647027256,0.68937318084097532
POMTER,0,Fe1,3,3.1574035240881209,S1B,2.479,2.0993701647027256,0.35842832045213568
FINSAW01,0,Fe1,3,3.1727649271155567,S4,2.221,2.0993701647027256,0.71983786157596164
FINSAW01,0,Fe1,3,3.1727649271155567,S3,2.23,2.0993701647027256,0.70253952998817881
FINSAW01,0,Fe1,3,3.1727649271155567,S2,2.231,2.0993701647027256,0.70064333807746915
FINSAW01,0,Fe1,3,3.1727649271155567,S1,2.237,2.0993701647027256,0.68937318084097532
FINSAW01,0,Fe1,3,3.1727649271155567,S1B,2.477,2.0993701647027256,0.36037101663297166
CABZEM,0,Fe1,3,3.1806330918234353,S3,2.212,2.0993701647027256,0.73756212261390064
CABZEM,0,Fe1,3,3.1806330918234353,S1,2.22,2.0993701647027256,0.72178600074458366
CABZEM,0,Fe1,3,3.1806330918234353,S2,2.231,2.0993701647027256,0.70064333807746915
CABZEM,0,Fe1,3,3.1806330918234353,S4,2.244,2.0993701647027256,0.67645358328918603
CABZEM,0,Fe1,3,3.1806330918234353,S4A,2.494,2.0993701647027256,0.34418804709829592
HETSEF,0,Fe1,3,3.1814615590673414,S2,2.218,2.0993701647027256,0.7256981104385346
HETSEF,0,Fe1,3,3.1814615590673414,S3,2.224,2.0993701647027256,0.71402493613374385
HETSEF,0,Fe1,3,3.1814615590673414,S4,2.229,2.0993701647027256,0.70444085367359721
HETSEF,0,Fe1,3,3.1814615590673414,S1,2.235,2.0993701647027256,0.69310961172316998
HETSEF,0,Fe1,3,3.1814615590673414,S1B,2.494,2.0993701647027256,0.34418804709829592
CAFLAX,0,Fe1,3,3.1816222689410369,S3,2.217,2.0993701647027256,0.72766210954028387
CAFLAX,0,Fe1,3,3.1816222689410369,S2,2.222,2.0993701647027256,0.71789498053955103
CAFLAX,0,Fe1,3,3.1816222689410369,S1,2.233,2.0993701647027256,0.69686629421381818
CAFLAX,0,Fe1,3,3.1816222689410369,S4,2.233,2.0993701647027256,0.69686629421381818
CAFLAX,0,Fe1,3,3.1816222689410369,S4A,2.496,2.0993701647027256,0.34233259043356612
CAFLOL01,0,Fe1,3,3.2058714186942971,S1,2.223,2.0993701647027256,0.71595734344337081
CAFLOL01,0,Fe1,3,3.2058714186942971,S2,2.228,2.0993701647027256,0.70634732302214542
CAFLOL01,0,Fe1,3,3.2058714186942971,S3,2.229,2.0993701647027256,0.70444085367359721
CAFLOL01,0,Fe1,3,3.2058714186942971,S4,2.237,2.0993701647027256,0.68937318084097532
CAFLOL01,0,Fe1,3,3.2058714186942971,S4B,2.448,2.0993701647027256,0.38975271771420816
KAZDIY,0,Fe1,3,3.2167471992406296,S2,2.217,2.0993701647027256,0.72766210954028387
KAZDIY,0,Fe1,3,3.2167471992406296,S1,2.222,2.0993701647027256,0.71789498053955103
KAZDIY,0,Fe1,3,3.2167471992406296,S4,2.226,2.0993701647027256,0.71017575445035352
KAZDIY,0,Fe1,3,3.2167471992406296,S3,2.231,2.0993701647027256,0.70064333807746915
KAZDIY,0,Fe1,3,3.2167471992406296,S1B,2.477,2.0993701647027256,0.36037101663297166
TALLUO,0,Fe1,3,3.2242621515645107,S3,2.225,2.0993701647027256,0.71209774449519714
TALLUO,0,Fe1,3,3.2242621515645107,S4,2.23,2.0993701647027256,0.70253952998817881
TALLUO,0,Fe1,3,3.2242621515645107,S1,2.231,2.0993701647027256,0.70064333807746915
TALLUO,0,Fe1,3,3.2242621515645107,S2,2.235,2.0993701647027256,0.69310961172316998
TALLUO,0,Fe1,3,3.2242621515645107,S1A,2.424,2.0993701647027256,0.41587192728049543
ZAXJEN,0,Fe1,3,3.2340621342529907,S2,2.217,2.0993701647027256,0.72766210954028387
ZAXJEN,0,Fe1,3,3.2340621342529907,S4,2.22,2.0993701647027256,0.72178600074458366
ZAXJEN,0,Fe1,3,3.2340621342529907,S3,2.222,2.0993701647027256,0.71789498053955103
ZAXJEN,0,Fe1,3,3.2340621342529907,S1,2.223,2.0993701647027256,0.71595734344337081
ZAXJEN,0,Fe1,3,3.2340621342529907,S4A,2.487,2.0993701647027256,0.35076169998520107
VEQGII,0,Fe1,3,3.2605764665943031,S1,2.173,2.0993701647027256,0.81955025814949656
VEQGII,0,Fe1,3,3.2605764665943031,S1D,2.173,2.0993701647027256,0.81955025814949656
VEQGII,0,Fe1,3,3.2605764665943031,S2,2.177,2.0993701647027256,0.810737975147655
VEQGII,0,Fe1,3,3.2605764665943031,S2D,2.177,2.0993701647027256,0.810737975147655
MOFYEL,0,Fe1,3,3.3164686650233901,S3,2.204,2.0993701647027256,0.75368306416797004
MOFYEL,0,Fe1,3,3.3164686650233901,S1,2.219,2.0993701647027256,0.72373941227580785
MOFYEL,0,Fe1,3,3.3164686650233901,S4,2.219,2.0993701647027256,0.72373941227580785
MOFYEL,0,Fe1,3,3.3164686650233901,S2,2.223,2.0993701647027256,0.71595734344337081
MOFYEL,0,Fe1,3,3.3164686650233901,S3A,2.439,2.0993701647027256,0.39934943286043389
UTIDOR,0,Fe1,3,3.3501558267490843,S5,2.3,2.0993701647027256,0.58144273025886217
UTIDOR,0,Fe1,3,3.3501558267490843,S3,2.302,2.0993701647027256,0.57830827571253784
UTIDOR,0,Fe1,3,3.3501558267490843,S4,2.312,2.0993701647027256,0.56288764784609779
UTIDOR,0,Fe1,3,3.3501558267490843,S1,2.314,2.0993701647027256,0.55985322045532881
UTIDOR,0,Fe1,3,3.3501558267490843,S2,2.315,2.0993701647027256,0.55834214655486092
UTIDOR,0,Fe1,3,3.3501558267490843,S6,2.349,2.0993701647027256,0.50932180592139709
BZTCFE11,0,Fe1,3,3.3594749237174395,S1,2.299,2.0993701647027256,0.58301632261568537
BZTCFE11,0,Fe1,3,3.3594749237174395,S3,2.307,2.0993701647027256,0.57054586585634204
BZTCFE11,0,Fe1,3,3.3594749237174395,S6,2.307,2.0993701647027256,0.57054586585634204
BZTCFE11,0,Fe1,3,3.3594749237174395,S4,2.31,2.0993701647027256,0.56593852195763761
BZTCFE11,0,Fe1,3,3.3594749237174395,S5,2.33,2.0993701647027256,0.53615934363939588
BZTCFE11,0,Fe1,3,3.3594749237174395,S2,2.332,2.0993701647027256,0.5332690037920369
DETCFE01,0,Fe1,3,3.4235008580551414,S3,2.301,2.0993701647027256,0.57987338511229547
DETCFE01,0,Fe1,3,3.4235008580551414,S3B,2.301,2.0993701647027256,0.57987338511229547
DETCFE01,0,Fe1,3,3.4235008580551414,S2B,2.31,2.0993701647027256,0.56593852195763761
DETCFE01,0,Fe1,3,3.4235008580551414,S2,2.31,2.0993701647027256,0.56593852195763761
DETCFE01,0,Fe1,3,3.4235008580551414,S1,2.31,2.0993701647027256,0.56593852195763761
DETCFE01,0,Fe1,3,3.4235008580551414,S1B,2.31,2.0993701647027256,0.56593852195763761
LOXSIA,0,Fe1,3,3.4284393437737748,S6,2.299,2.0993701647027256,0.58301632261568537
LOXSIA,0,Fe1,3,3.4284393437737748,S5,2.3,2.0993701647027256,0.58144273025886217
LOXSIA,0,Fe1,3,3.4284393437737748,S1,2.306,2.0993701647027256,0.57208996739378648
LOXSIA,0,Fe1,3,3.4284393437737748,S3,2.307,2.0993701647027256,0.57054586585634204
LOXSIA,0,Fe1,3,3.4284393437737748,S4,2.308,2.0993701647027256,0.5690059319318499
LOXSIA,0,Fe1,3,3.4284393437737748,S2,2.319,2.0993701647027256,0.55233852571724829
BZTCFE11,0,Fe2,3,3.4350882269725296,S7,2.288,2.0993701647027256,0.60060946418798489
BZTCFE11,0,Fe2,3,3.4350882269725296,S11,2.292,2.0993701647027256,0.5941513604666101
BZTCFE11,0,Fe2,3,3.4350882269725296,S12,2.302,2.0993701647027256,0.57830827571253784
BZTCFE11,0,Fe2,3,3.4350882269725296,S9,2.31,2.0993701647027256,0.56593852195763761
BZTCFE11,0,Fe2,3,3.4350882269725296,S8,2.313,2.0993701647027256,0.56136838386318344
BZTCFE11,0,Fe2,3,3.4350882269725296,S10,2.331,2.0993701647027256,0.53471222078457592
DMTCFE02,0,Fe1,3,3.4611179049905161,S5,2.293,2.0993701647027256,0.59254771404478768
DMTCFE02,0,Fe1,3,3.4611179049905161,S1,2.294,2.0993701647027256,0.59094839595075799
DMTCFE02,0,Fe1,3,3.4611179049905161,S6,2.305,2.0993701647027256,0.57363824782323691
DMTCFE02,0,Fe1,3,3.4611179049905161,S3,2.306,2.0993701647027256,0.57208996739378648
DMTCFE02,0,Fe1,3,3.4611179049905161,S4,2.308,2.0993701647027256,0.5690059319318499
DMTCFE02,0,Fe1,3,3.4611179049905161,S2,2.312,2.0993701647027256,0.56288764784609779
BTXANI,0,Fe1,3,3.5207366183223869,S5,2.291,2.0993701647027256,0.59575934693022981
BTXANI,0,Fe1,3,3.5207366183223869,S1,2.292,2.0993701647027256,0.5941513604666101
BTXANI,0,Fe1,3,3.5207366183223869,S6,2.294,2.0993701647027256,0.59094839595075799
BTXANI,0,Fe1,3,3.5207366183223869,S2,2.296,2.0993701647027256,0.58776269804804993
BTXANI,0,Fe1,3,3.5207366183223869,S3,2.297,2.0993701647027256,0.58617629496910184
BTXANI,0,Fe1,3,3.5207366183223869,S4,2.31,2.0993701647027256,0.56593852195763761
NUSMIY,0,Fe1,3,3.5273557110112059,S2B,2.251,2.0993701647027256,0.66377611294155792
NUSMIY,0,Fe1,3,3.5273557110112059,S2,2.251,2.0993701647027256,0.66377611294155792
NUSMIY,0,Fe1,3,3.5273557110112059,S1,2.285,2.0993701647027256,0.60549906657935104
NUSMIY,0,Fe1,3,3.5273557110112059,S1B,2.285,2.0993701647027256,0.60549906657935104
NUSMIY,0,Fe1,3,3.5273557110112059,S3,2.36,2.0993701647027256,0.49440267598469412
NUSMIY,0,Fe1,3,3.5273557110112059,S3B,2.36,2.0993701647027256,0.49440267598469412
NIGBUB,0,Fe1,3,3.5959347417865093,S2,2.185,2.0993701647027256,0.79339665472479459
NIGBUB,0,Fe1,3,3.5959347417865093,S1,2.195,2.0993701647027256,0.77224068121237155
NIGBUB,0,Fe1,3,3.5959347417865093,S3,2.202,2.0993701647027256,0.75776805725242524
NIGBUB,0,Fe1,3,3.5959347417865093,S4,2.209,2.0993701647027256,0.74356666588794029
NIGBUB,0,Fe1,3,3.5959347417865093,S4D,2.335,2.0993701647027256,0.52896268270897762
NUSMUK,0,Fe1,3,3.6853172334824595,S1,2.208,2.0993701647027256,0.7455790237029718
NUSMUK,0,Fe1,3,3.6853172334824595,S2,2.21,2.0993701647027256,0.74155973953469478
NUSMUK,0,Fe1,3,3.6853172334824595,S3,2.31,2.0993701647027256,0.56593852195763761
NUSMUK,0,Fe1,3,3.6853172334824595,S5,2.313,2.0993701647027256,0.56136838386318344
NUSMUK,0,Fe1,3,3.6853172334824595,S6,2.33,2.0993701647027256,0.53615934363939588
NUSMUK,0,Fe1,3,3.6853172334824595,S4,2.331,2.0993701647027256,0.53471222078457592
VOPFAH,0,Fe1,3,3.8494250731881343,S9,2.159,2.0993701647027256,0.85115441382161461
VOPFAH,0,Fe1,3,3.8494250731881343,S3,2.255,2.0993701647027256,0.65663880452277845
VOPFAH,0,Fe1,3,3.8494250731881343,S4,2.282,2.0993701647027256,0.61042847555548085
VOPFAH,0,Fe1,3,3.8494250731881343,S1,2.284,2.0993701647027256,0.60713776400155295
VOPFAH,0,Fe1,3,3.8494250731881343,S2,2.295,2.0993701647027256,0.58935339450213131
VOPFAH,0,Fe1,3,3.8494250731881343,S5,2.331,2.0993701647027256,0.53471222078457592
VOPFAH,0,Fe2,3,3.9201034421165319,S10,2.131,2.0993701647027256,0.91806595793162604
VOPFAH,0,Fe2,3,3.9201034421165319,S7,2.252,2.0993701647027256,0.66198454557466091
VOPFAH,0,Fe2,3,3.9201034421165319,S6,2.273,2.0993701647027256,0.62545879588629727
VOPFAH,0,Fe2,3,3.9201034421165319,S5,2.286,2.0993701647027256,0.60386479208947386
VOPFAH,0,Fe2,3,3.9201034421165319,S8,2.313,2.0993701647027256,0.56136838386318344
VOPFAH,0,Fe2,3,3.9201034421165319,S1,2.321,2.0993701647027256,0.54936096677129043
